timestamp_s,actual_ttft_ms,actual_tpot_ms,predicted_ttft_ms,predicted_tpot_ms
0.0,424.3773663803545,33.18317337888345,502.528,32.6896
0.2,316.8012715007603,30.371109891830116,502.528,32.6896
0.4,460.03609566451655,20.68311860029126,502.528,32.6896
0.6000000000000001,475.2451773112971,15.984979263754617,502.528,32.6896
0.8,243.9171849076931,7.212826972950094,502.528,32.6896
1.0,295.8256394510146,21.739026952404192,502.528,32.6896
1.2000000000000002,410.22723225338285,39.52249007348441,502.528,32.6896
1.4000000000000001,374.70059261251345,27.609305628781883,502.528,32.6896
1.6,398.6559073996569,21.64256628370306,502.528,32.6896
1.8,331.7564857941136,27.790481257001836,502.528,32.6896
2.0,470.3518379890263,15.634249882033343,502.528,32.6896
2.2,462.22335483431584,23.216059823814188,502.528,32.6896
2.4000000000000004,405.28245580489727,25.59686483809443,502.528,32.6896
2.6,490.1792965574426,24.483396089073707,502.528,32.6896
2.8000000000000003,437.40074738016364,29.744836730140484,502.528,32.6896
3.0,331.256602969341,27.067871357416315,502.528,32.6896
3.2,429.50006272659994,29.009956108647984,502.528,32.6896
3.4000000000000004,323.2893919336801,20.869766306615443,502.528,32.6896
3.6,470.2760241045818,30.38689245046329,502.528,32.6896
3.8000000000000003,396.0059271210998,34.77362168574395,502.528,32.6896
4.0,385.21101091637917,19.179102882091524,502.528,32.6896
4.2,345.5256364476847,19.673826065712642,502.528,32.6896
4.4,497.8033070939224,33.0147060179214,502.528,32.6896
4.6000000000000005,387.63764143449583,23.85193607982964,502.528,32.6896
4.800000000000001,365.7337742269514,33.42292835239934,502.528,32.6896
5.0,371.82931596094164,22.344785728646897,502.528,32.6896
5.2,442.5847348442679,33.730273457624264,502.528,32.6896
5.4,429.23552514912626,25.78891490083271,502.528,32.6896
5.6000000000000005,433.01860892767905,26.54937293993617,502.528,32.6896
5.800000000000001,434.4656802406306,34.388308130019425,502.528,32.6896
6.0,571.331808069637,22.829377135334973,502.528,32.6896
6.2,367.48679868923074,19.35326742445025,502.528,32.6896
6.4,359.020581674277,22.308614751829875,502.528,32.6896
6.6000000000000005,334.8981817401698,27.714003703858832,502.528,32.6896
6.800000000000001,449.27835380603966,15.605445566916913,502.528,32.6896
7.0,490.3177834176713,28.82482541590673,502.528,32.6896
7.2,390.88420338761,21.767372094293542,502.528,32.6896
7.4,332.78748184299775,31.88687596440138,502.528,32.6896
7.6000000000000005,334.04150274470084,10.634438170597171,502.528,32.6896
7.800000000000001,452.04742302597606,20.280605349374987,502.528,32.6896
8.0,459.46033369627537,14.881191092595389,502.528,32.6896
8.200000000000001,443.4523414644156,20.042623201816284,502.528,32.6896
8.4,346.75922341690443,26.485995406653657,502.528,32.6896
8.6,418.5729058453376,23.924640247301472,502.528,32.6896
8.8,409.3348647312583,23.47973458631191,502.528,32.6896
9.0,417.49508773832105,24.044890771719636,502.528,32.6896
9.200000000000001,469.7143022358552,26.22032944371966,502.528,32.6896
9.4,417.88764390197457,18.948783748341356,502.528,32.6896
9.600000000000001,454.31308504575156,29.241097845394304,502.528,32.6896
9.8,405.40632555911134,28.975995822312903,502.528,32.6896
10.0,423.12955189519874,27.310227625936605,502.528,32.6896
10.200000000000001,450.5030580670832,28.33920065650758,502.528,32.6896
10.4,283.4275344115467,26.778508004851957,502.528,32.6896
10.600000000000001,374.4263026914159,37.210439816386405,502.528,32.6896
10.8,362.3701876565764,24.47743497368494,502.528,32.6896
11.0,348.8897721405326,23.15750068999254,502.528,32.6896
11.200000000000001,377.9886199018653,20.47883451785573,502.528,32.6896
11.4,519.5953048987517,18.80642397653298,502.528,32.6896
11.600000000000001,330.7335107445405,17.533169274393547,502.528,32.6896
11.8,477.4622683673185,19.66721612061449,502.528,32.6896
12.0,265.3704182707356,24.575917710087573,502.528,32.6896
12.200000000000001,373.209197601138,27.005770770986288,502.528,32.6896
12.4,413.02024520840047,25.30685235131297,502.528,32.6896
12.600000000000001,446.89778650874223,20.406788335421723,502.528,32.6896
12.8,456.8981263834284,30.40110738411978,502.528,32.6896
13.0,463.467778815994,29.436476033805686,502.528,32.6896
13.200000000000001,372.101994220125,24.0421101554679,502.528,32.6896
13.4,363.0118565868346,21.082503132011727,502.528,32.6896
13.600000000000001,468.6380705005723,28.290567524978798,502.528,32.6896
13.8,384.6956540094708,26.127841524916626,502.528,32.6896
14.0,297.94509413296623,16.311236443509713,502.528,32.6896
14.200000000000001,309.33702287972153,24.59211846409357,502.528,32.6896
14.4,326.4438171198711,26.572214872446285,502.528,32.6896
14.600000000000001,439.7728595243011,19.601831281073476,502.528,32.6896
14.8,411.3940588856452,26.139060357024658,502.528,32.6896
15.0,455.2388283254215,16.271065088453266,502.528,32.6896
15.200000000000001,365.81978829307724,33.017116600073024,502.528,32.6896
15.4,412.68317528613716,32.48769991035659,502.528,32.6896
15.600000000000001,450.04723151738693,23.48489599418221,502.528,32.6896
15.8,375.2522768223809,27.18072602703444,502.528,32.6896
16.0,436.54201900459293,10.54046820520075,502.528,32.6896
16.2,347.0459247146679,18.061914038408002,502.528,32.6896
16.400000000000002,370.9556922747943,23.237326479087223,502.528,32.6896
16.6,369.46096848013366,18.567201871438847,502.528,32.6896
16.8,304.33282835287685,29.286378895783955,502.528,32.6896
17.0,438.95779846284654,36.983779184487965,502.528,32.6896
17.2,362.44781278378207,17.940311683424188,502.528,32.6896
17.400000000000002,400.999529498215,19.975219575488843,502.528,32.6896
17.6,438.4597327124727,26.412690209859583,502.528,32.6896
17.8,435.72249408239554,34.66669689099773,502.528,32.6896
18.0,453.2308087178229,17.665754124760582,502.528,32.6896
18.2,392.12116123924613,26.49421673384165,502.528,32.6896
18.400000000000002,366.1361350364677,35.92779310487865,502.528,32.6896
18.6,393.6225431274881,15.089445110924396,502.528,32.6896
18.8,265.0132452833576,17.313584758925007,502.528,32.6896
19.0,284.231002206153,22.45836036123497,502.528,32.6896
19.200000000000003,294.1840310116478,21.876469522867534,502.528,32.6896
19.400000000000002,320.2202537918815,29.875607726521867,502.528,32.6896
19.6,431.9819381378749,26.449958318925027,502.528,32.6896
19.8,327.5616755711951,14.35022764214723,502.528,32.6896
20.0,369.7469956768488,28.092462417404864,502.528,32.6896
20.200000000000003,503.93826382288523,21.534766675866095,502.528,32.6896
20.400000000000002,371.49888231508595,32.646683301647435,502.528,32.6896
20.6,459.0012454773669,21.23447478137848,502.528,32.6896
20.8,325.31058559920984,21.180308301386585,502.528,32.6896
21.0,383.5649953705896,28.24678966482719,502.528,32.6896
21.200000000000003,323.9982356071535,29.57755889402162,502.528,32.6896
21.400000000000002,372.877353927955,27.68859618361722,502.528,32.6896
21.6,467.22465099659166,14.88641609569115,502.528,32.6896
21.8,261.8143661446121,28.228206639569507,502.528,32.6896
22.0,434.7538914836686,18.79415168995361,502.528,32.6896
22.200000000000003,419.0188481865822,26.41165666952958,502.528,32.6896
22.400000000000002,352.4680035442565,16.45759338760564,502.528,32.6896
22.6,284.31537164892364,27.677932885258382,502.528,32.6896
22.8,405.7703606171096,20.160406574155765,502.528,32.6896
23.0,357.6405832748958,17.30419209843687,502.528,32.6896
23.200000000000003,418.6140969083763,29.282920818894397,502.528,32.6896
23.400000000000002,401.74817164187544,26.449867130060507,502.528,32.6896
23.6,528.1423113056733,21.316139191642616,502.528,32.6896
23.8,380.85154980215805,33.707073094126386,502.528,32.6896
24.0,318.1202005902508,22.356085470581547,502.528,32.6896
24.200000000000003,414.3420507965053,25.192646043825608,502.528,32.6896
24.400000000000002,417.5997347177412,26.613480686071604,502.528,32.6896
24.6,508.7350060192349,21.28200439522832,502.528,32.6896
24.8,466.80889967316625,27.826817760399578,502.528,32.6896
25.0,428.5496847319607,21.79928591701165,502.528,32.6896
25.200000000000003,517.0642312975649,22.530170066702745,502.528,32.6896
25.400000000000002,304.8989556541719,33.17585583882005,502.528,32.6896
25.6,348.81987738002016,18.7564836849254,502.528,32.6896
25.8,325.873924687558,10.523318014423058,502.528,32.6896
26.0,368.81521574753856,34.66562197007137,502.528,32.6896
26.200000000000003,289.8651081954953,40.29596771564202,502.528,32.6896
26.400000000000002,450.81207574515236,22.56838440730401,502.528,32.6896
26.6,382.22218423209813,13.378971756278888,502.528,32.6896
26.8,282.33549643978733,23.137096142824337,502.528,32.6896
27.0,318.75367350339667,23.282662300955984,502.528,32.6896
27.200000000000003,425.0811077960156,23.860456953866457,502.528,32.6896
27.400000000000002,467.0501254315505,18.31967174846891,502.528,32.6896
27.6,559.7384713353429,28.477366854858865,502.528,32.6896
27.8,633.1089972805864,28.147044251716515,502.528,32.6896
28.0,433.1527546620797,16.033566281084163,502.528,32.6896
28.200000000000003,320.8369503974509,29.195180390169327,502.528,32.6896
28.400000000000002,229.43629754149526,37.316109891675346,502.528,32.6896
28.6,421.41691698750685,26.031761994622357,502.528,32.6896
28.8,334.9647123751739,22.976049027588964,502.528,32.6896
29.0,366.7714191856252,24.147980713554873,502.528,32.6896
29.200000000000003,351.03225607521534,28.69154060181137,502.528,32.6896
29.400000000000002,388.7367290866892,14.615970366956692,502.528,32.6896
29.6,485.27841846301146,25.986344217863813,502.528,32.6896
29.8,412.56388539562755,22.65721630322314,502.528,32.6896
30.0,387.3092130369049,36.086950077736276,502.528,32.6896
30.200000000000003,317.1476997739351,23.954963597170252,502.528,32.6896
30.400000000000002,266.02536442365147,35.00732566671712,502.528,32.6896
30.6,361.09536727413354,18.377555813307957,502.528,32.6896
30.8,395.69739593453437,28.523555000816753,502.528,32.6896
31.0,541.4343930863906,26.916401582747373,502.528,32.6896
31.200000000000003,410.42196171783087,19.785716512811305,502.528,32.6896
31.400000000000002,478.6191608818446,26.064376687821643,502.528,32.6896
31.6,360.05635211686786,32.2751130209896,502.528,32.6896
31.8,305.20449868663803,23.057249774280397,502.528,32.6896
32.0,322.79065902141025,14.848224104981421,502.528,32.6896
32.2,341.98191483713975,24.894623041135326,502.528,32.6896
32.4,570.2775785948131,19.585461431244923,502.528,32.6896
32.6,334.2890656620491,22.945954368016707,502.528,32.6896
32.800000000000004,467.0791362989076,24.510473381889273,502.528,32.6896
33.0,327.7658257530379,14.766086703906897,502.528,32.6896
33.2,474.52584102993956,15.306049964075932,502.528,32.6896
33.4,430.79607728846906,27.89240101315315,502.528,32.6896
33.6,387.46896818735274,21.863687822981916,502.528,32.6896
33.800000000000004,396.7389979091653,9.611533949076598,502.528,32.6896
34.0,347.61698436564876,29.70906421964881,502.528,32.6896
34.2,435.6857761185664,26.634218531645438,502.528,32.6896
34.4,363.6013215727376,20.716751055781096,502.528,32.6896
34.6,301.95153889862013,17.099018733650553,502.528,32.6896
34.800000000000004,297.7649940544305,30.01484737788602,502.528,32.6896
35.0,413.80703341776956,27.096103735362576,502.528,32.6896
35.2,526.3273005128348,39.29561369610444,502.528,32.6896
35.4,412.79932908587506,27.521131592349626,502.528,32.6896
35.6,390.5089339112094,27.32621884757209,502.528,32.6896
35.800000000000004,422.8660911682034,23.99843241934861,502.528,32.6896
36.0,504.480139336546,29.900655203204746,502.528,32.6896
36.2,417.55060010910853,28.750511207488923,502.528,32.6896
36.4,367.125821533301,32.51035005139117,502.528,32.6896
36.6,488.5030968047911,21.87206248817629,502.528,32.6896
36.800000000000004,434.30051507692906,22.387555162336227,502.528,32.6896
37.0,522.8604793596794,22.12538097452812,502.528,32.6896
37.2,414.6587549777525,29.744810327073935,502.528,32.6896
37.4,302.04247746236,33.99024664178039,502.528,32.6896
37.6,290.54726406034683,22.246957041104196,502.528,32.6896
37.800000000000004,532.0742345785,22.451357633241454,502.528,32.6896
38.0,537.8932576626637,26.884463343218794,502.528,32.6896
38.2,385.6384629373919,23.52543099992259,502.528,32.6896
38.400000000000006,369.345014309121,30.71232191883934,502.528,32.6896
38.6,516.9155433793762,11.48933625628572,502.528,32.6896
38.800000000000004,311.436345436521,20.039769718498633,502.528,32.6896
39.0,328.42183848353386,20.305501996231325,502.528,32.6896
39.2,451.46614357512357,11.07786392568313,502.528,32.6896
39.400000000000006,368.4315901712328,19.218169333787174,502.528,32.6896
39.6,399.5902506623943,19.509063304924442,502.528,32.6896
39.800000000000004,386.924568118039,23.793372072887017,502.528,32.6896
40.0,427.0059639039147,31.67779534996158,502.528,32.6896
40.2,512.5985489050973,23.529636092855785,502.528,32.6896
40.400000000000006,407.24679255213965,18.815117678373078,502.528,32.6896
40.6,451.51510346214866,24.658272752718826,502.528,32.6896
40.800000000000004,235.98623191751818,31.295041728648094,502.528,32.6896
41.0,396.10252784559054,19.14424710331057,502.528,32.6896
41.2,332.5415783765703,19.53655069647131,502.528,32.6896
41.400000000000006,302.4949551661098,28.35129375564534,502.528,32.6896
41.6,329.74781064569993,23.670783305615196,502.528,32.6896
41.800000000000004,373.270124743935,28.884908144256848,502.528,32.6896
42.0,473.27220338848105,24.91811924922822,502.528,32.6896
42.2,293.88858258083485,29.209981888537403,502.528,32.6896
42.400000000000006,402.4505194075534,18.789531315756154,502.528,32.6896
42.6,361.2664453333137,24.927492095270395,502.528,32.6896
42.800000000000004,373.7861524510431,23.73585991382106,502.528,32.6896
43.0,480.22062602436836,17.704654455375216,502.528,32.6896
43.2,443.0492349603141,15.619132312787869,502.528,32.6896
43.400000000000006,506.99184859541947,29.114494211647973,502.528,32.6896
43.6,387.63954566000797,22.89428570669213,502.528,32.6896
43.800000000000004,344.32459106634377,18.86631831011602,502.528,32.6896
44.0,382.09129464956004,24.422926378460005,502.528,32.6896
44.2,419.39974330169775,31.768113144095814,502.528,32.6896
44.400000000000006,414.1258686762969,11.315572927768462,502.528,32.6896
44.6,313.2489542213307,16.02016786058004,502.528,32.6896
44.800000000000004,407.2391825302299,19.462681348628394,502.528,32.6896
45.0,418.2582664111124,33.767073200321974,502.528,32.6896
45.2,601.3979230027137,26.69552189751578,502.528,32.6896
45.400000000000006,550.1475689025336,29.60390344276736,502.528,32.6896
45.6,331.7405319552944,18.159034485242618,502.528,32.6896
45.800000000000004,377.0093310760659,18.28278474837684,502.528,32.6896
46.0,282.92463985303976,27.68688230033626,502.528,32.6896
46.2,352.74343888292105,25.34964598561268,502.528,32.6896
46.400000000000006,425.24840028722724,28.29243291318476,502.528,32.6896
46.6,496.4682896710587,23.873974054429286,502.528,32.6896
46.800000000000004,341.6732929805113,26.66886235872776,502.528,32.6896
47.0,347.66828479457627,25.948714509430655,502.528,32.6896
47.2,228.2168776209076,29.66660433450955,502.528,32.6896
47.400000000000006,386.98672635640736,29.842049691666823,502.528,32.6896
47.6,315.00684705123496,15.28076803364938,502.528,32.6896
47.800000000000004,357.6448458107141,11.516388667954867,502.528,32.6896
48.0,329.85113774659294,31.010472385909043,502.528,32.6896
48.2,392.45899565979545,32.12635055957162,502.528,32.6896
48.400000000000006,259.3817286914695,18.876261882919977,502.528,32.6896
48.6,282.6363803687208,13.840987560726228,502.528,32.6896
48.800000000000004,570.3397689622639,25.594208926043205,502.528,32.6896
49.0,297.00619349807755,30.585029358103178,502.528,32.6896
49.2,312.25715372362885,35.785567134605884,502.528,32.6896
49.400000000000006,546.9530822657051,28.097785432608706,502.528,32.6896
49.6,632.4053735392325,22.76969982048583,502.528,32.6896
49.800000000000004,306.27466969397267,19.641216270490823,502.528,32.6896
50.0,370.5400834569576,25.068707750023925,502.528,32.6896
50.2,427.32444407524076,23.204411776688463,502.528,32.6896
50.400000000000006,538.2958115524474,18.909592565627104,502.528,32.6896
50.6,321.051433725741,37.292533905179724,502.528,32.6896
50.800000000000004,380.3777723246312,35.711010412432785,502.528,32.6896
51.0,462.1870060849395,31.81629210133257,502.528,32.6896
51.2,434.7812859573295,19.474897613145234,502.528,32.6896
51.400000000000006,369.9075143015921,30.130115945783672,502.528,32.6896
51.6,389.2941628387167,28.837758456987412,502.528,32.6896
51.800000000000004,290.00833533040145,27.655273745224317,502.528,32.6896
52.0,380.9461004820268,32.497991602262665,502.528,32.6896
52.2,378.6890007992836,28.812226857167666,502.528,32.6896
52.400000000000006,418.5735911701005,29.440085417826012,502.528,32.6896
52.6,355.5738224944787,28.82143770023326,502.528,32.6896
52.800000000000004,437.72308180361114,27.044748448012633,502.528,32.6896
53.0,481.0172654255863,14.298333221714898,502.528,32.6896
53.2,412.4343462134773,25.501726464463342,502.528,32.6896
53.400000000000006,428.1405126719363,21.66284824690525,502.528,32.6896
53.6,404.2524278062294,17.32095425415988,502.528,32.6896
53.800000000000004,400.00675144731315,35.090899715804944,502.528,32.6896
54.0,342.2753573165722,35.37397204531422,502.528,32.6896
54.2,425.31954093386463,33.155323601773674,502.528,32.6896
54.400000000000006,392.21707212692087,26.53128050113525,502.528,32.6896
54.6,567.4534647144476,33.10375072571594,502.528,32.6896
54.800000000000004,525.8683921980194,25.072319083610953,502.528,32.6896
55.0,430.8677242045201,26.216783661386675,502.528,32.6896
55.2,338.9554232244186,18.439171777228104,502.528,32.6896
55.400000000000006,311.00708224132654,27.38194782699304,502.528,32.6896
55.6,495.29143624710923,25.362315570546503,502.528,32.6896
55.800000000000004,421.0199380117711,17.184087298993212,502.528,32.6896
56.0,438.4114722713289,24.692817329100418,502.528,32.6896
56.2,260.4331210420646,24.521622616859148,502.528,32.6896
56.400000000000006,474.1950785246545,35.78536699986784,502.528,32.6896
56.6,436.353627057149,30.365279971080458,502.528,32.6896
56.800000000000004,311.16554524684176,25.068672634548797,502.528,32.6896
57.0,362.27801540400407,26.4927238588065,502.528,32.6896
57.2,421.09737634852155,25.265274268625188,502.528,32.6896
57.400000000000006,404.1973438684995,23.782516091226714,502.528,32.6896
57.6,376.6263051357156,18.50543681567028,502.528,32.6896
57.800000000000004,391.72093855472315,24.093688734358423,502.528,32.6896
58.0,379.8418097434492,20.523410460084918,502.528,32.6896
58.2,412.2050009681975,17.49810676646112,502.528,32.6896
58.400000000000006,517.7193578394525,28.06733088728521,502.528,32.6896
58.6,194.6673247254962,27.34758795959941,502.528,32.6896
58.800000000000004,381.0519788392253,14.279754931791533,502.528,32.6896
59.0,414.12099370979575,24.263892175029238,502.528,32.6896
59.2,423.67951917496794,30.97420831539954,502.528,32.6896
59.400000000000006,370.2468334942968,31.355342433377924,502.528,32.6896
59.6,259.4622574017134,31.15502105731143,502.528,32.6896
59.800000000000004,426.2396386971288,25.23347924140876,502.528,32.6896
60.0,538.1880171331347,19.929728032185093,502.528,32.6896
60.2,277.29108760670897,18.497807035851636,502.528,32.6896
60.400000000000006,469.10624109585507,27.067629428502144,502.528,32.6896
60.6,373.7179821501685,27.275680206190977,502.528,32.6896
60.800000000000004,395.0940523336922,32.72398666963039,502.528,32.6896
61.0,315.7681191436841,31.5998779020525,502.528,32.6896
61.2,373.24350621152985,24.206628060812967,502.528,32.6896
61.400000000000006,504.0035675759167,17.534764726834783,502.528,32.6896
61.6,446.61241935901654,23.085360417934613,502.528,32.6896
61.800000000000004,538.5849284327956,26.303387168863146,502.528,32.6896
62.0,494.1929511182155,23.787500527663575,502.528,32.6896
62.2,435.1269343143661,21.532635351534065,502.528,32.6896
62.400000000000006,539.5147620934233,26.517308889819393,502.528,32.6896
62.6,435.1194526990639,21.976253551536338,502.528,32.6896
62.800000000000004,466.23905414376475,21.231603497647757,502.528,32.6896
63.0,376.27432371722335,26.86871700582064,502.528,32.6896
63.2,405.32366526873636,22.58804451922477,502.528,32.6896
63.400000000000006,344.2060941359779,26.464626333870115,502.528,32.6896
63.6,479.16671476758825,26.639224137112738,502.528,32.6896
63.800000000000004,305.73571015081075,18.163425993450552,502.528,32.6896
64.0,462.5880273934129,22.112553256807526,502.528,32.6896
64.2,384.74791539958727,33.62666163949878,502.528,32.6896
64.4,493.69976747738554,18.027522923594276,502.528,32.6896
64.60000000000001,460.0695190985008,12.300073306176813,502.528,32.6896
64.8,545.6516926117441,13.828929080544931,502.528,32.6896
65.0,458.46197529109156,25.174659679460014,502.528,32.6896
65.2,274.23677954774075,25.185503668196194,502.528,32.6896
65.4,394.64374616814393,24.294334867449276,502.528,32.6896
65.60000000000001,306.2394245924147,32.28513897357101,502.528,32.6896
65.8,358.53761261069803,8.962993401382374,502.528,32.6896
66.0,520.8982746621377,27.37560324658494,502.528,32.6896
66.2,451.0027048718157,34.36862921082144,502.528,32.6896
66.4,344.0855657137003,18.233315410649716,502.528,32.6896
66.60000000000001,318.9026106847681,22.72116092926063,502.528,32.6896
66.8,402.62256743010084,20.482648496628276,502.528,32.6896
67.0,302.67518804950976,19.633923723534828,502.528,32.6896
67.2,346.30877780827353,23.04242796986176,502.528,32.6896
67.4,424.9607577240995,33.564911702107025,502.528,32.6896
67.60000000000001,492.4249628885357,36.02432005292512,502.528,32.6896
67.8,448.70091777795517,22.984364649759115,502.528,32.6896
68.0,216.696839312152,36.43036128438682,502.528,32.6896
68.2,424.3493383224208,25.21345886190775,502.528,32.6896
68.4,405.76268585860623,35.52214616020649,502.528,32.6896
68.60000000000001,433.11122282981546,24.440208102079048,502.528,32.6896
68.8,529.2967745320966,25.786346956276866,502.528,32.6896
69.0,234.94093785562058,27.192846835857008,502.528,32.6896
69.2,352.71172598471156,44.07312207620521,502.528,32.6896
69.4,447.27250582346835,30.107713449068733,502.528,32.6896
69.60000000000001,273.4724480436846,20.756412820291217,502.528,32.6896
69.8,518.0759238442807,30.813987221655147,502.528,32.6896
70.0,429.4685290160527,22.82900477749395,502.528,32.6896
70.2,467.7267188674723,22.061498902592746,502.528,32.6896
70.4,354.32450707825643,30.451608159352666,502.528,32.6896
70.60000000000001,465.10109519729684,25.186513526626918,502.528,32.6896
70.8,485.4777244791231,26.671455487070837,502.528,32.6896
71.0,418.6302416109735,25.083911331191754,502.528,32.6896
71.2,418.75207141589567,27.019498759632608,502.528,32.6896
71.4,421.6274591425381,27.549795384616896,502.528,32.6896
71.60000000000001,330.93237882084946,13.378198403767508,502.528,32.6896
71.8,388.19770558077175,28.999436011657203,502.528,32.6896
72.0,387.7981974038113,19.107883481018195,502.528,32.6896
72.2,430.6715091482796,16.34620518664353,502.528,32.6896
72.4,479.9859397528236,24.649532536847904,502.528,32.6896
72.60000000000001,315.31711344172726,25.503886019886725,502.528,32.6896
72.8,389.9992775744338,20.838963012566317,502.528,32.6896
73.0,518.5164438127179,29.986191146007847,502.528,32.6896
73.2,340.5129416949949,16.94694900177456,502.528,32.6896
73.4,334.2199986167744,22.558337507364648,502.528,32.6896
73.60000000000001,416.1844953464955,21.490755190401995,502.528,32.6896
73.8,467.55081523882563,24.720476377963962,502.528,32.6896
74.0,400.91408444485273,26.673185707883434,502.528,32.6896
74.2,506.31684723495914,18.95264230225873,502.528,32.6896
74.4,468.54351860532216,29.345696064737368,502.528,32.6896
74.60000000000001,467.34560535120494,25.3780142100082,502.528,32.6896
74.8,444.3293201059275,13.648322480128538,502.528,32.6896
75.0,586.2122480276868,13.248451357617814,502.528,32.6896
75.2,383.5870648907165,24.926084242424132,502.528,32.6896
75.4,239.7182166346789,23.674196093281875,502.528,32.6896
75.60000000000001,528.3403489213713,24.3794793185522,502.528,32.6896
75.8,363.38404552345395,24.832105260818693,502.528,32.6896
76.0,408.63043554744263,26.353359037061082,502.528,32.6896
76.2,504.76405478884215,30.685897659089797,502.528,32.6896
76.4,271.81923671528597,18.333370594494653,502.528,32.6896
76.60000000000001,299.86822287150886,17.96817044259523,502.528,32.6896
76.80000000000001,271.8977650304917,18.440056852675703,502.528,32.6896
77.0,336.4690967979661,26.733500003012242,502.528,32.6896
77.2,435.1709284813595,32.46968427187868,502.528,32.6896
77.4,441.9350274250217,22.411963370562937,502.528,32.6896
77.60000000000001,422.1019343462843,9.989800935042073,502.528,32.6896
77.80000000000001,286.9787292886107,14.776042824337747,502.528,32.6896
78.0,215.19172506938847,20.001779663223928,502.528,32.6896
78.2,404.34828683123055,21.65362667502871,502.528,32.6896
78.4,362.25791730893314,22.549668236471643,502.528,32.6896
78.60000000000001,436.75086173732893,25.231486737885504,502.528,32.6896
78.80000000000001,456.1562900977016,23.129522015065316,502.528,32.6896
79.0,411.05931456469455,31.296037663260442,502.528,32.6896
79.2,460.8106468300683,20.943896165911788,502.528,32.6896
79.4,418.3369099292055,19.826092243146743,502.528,32.6896
79.60000000000001,442.40517644811734,27.87325323112277,502.528,32.6896
79.80000000000001,343.6261389704094,15.786147580443284,502.528,32.6896
80.0,385.6310868934833,27.338150231920014,502.528,32.6896
80.2,415.74208773255657,25.615319102357603,502.528,32.6896
80.4,465.6422780333935,24.115345060490995,502.528,32.6896
80.60000000000001,368.50070622203424,34.529656642895574,502.528,32.6896
80.80000000000001,441.693380458569,21.266755328231692,502.528,32.6896
81.0,378.7328966467697,37.36178902314447,502.528,32.6896
81.2,390.59662661374955,23.647411304631405,502.528,32.6896
81.4,466.36152336192583,17.33790133017863,502.528,32.6896
81.60000000000001,240.55517031566754,25.419517485968953,502.528,32.6896
81.80000000000001,296.28221375401915,18.54252879808739,502.528,32.6896
82.0,281.42516820457433,20.489464913119,502.528,32.6896
82.2,213.31071041213562,27.38219980009295,502.528,32.6896
82.4,345.7388447875859,28.33349253190075,502.528,32.6896
82.60000000000001,459.9547119782192,21.266993798474452,502.528,32.6896
82.80000000000001,377.209274689394,30.924430870278403,502.528,32.6896
83.0,415.8232065553482,31.945046548126804,502.528,32.6896
83.2,487.1373997368634,33.61781053937975,502.528,32.6896
83.4,506.2148905814153,28.176480442754333,502.528,32.6896
83.60000000000001,394.46896522190883,33.18057227251419,502.528,32.6896
83.80000000000001,508.2868711655518,13.715209432155653,502.528,32.6896
84.0,407.3701326747287,23.092560708229225,502.528,32.6896
84.2,333.00814209380303,19.797968462059444,502.528,32.6896
84.4,352.44797182410116,25.715355166764354,502.528,32.6896
84.60000000000001,281.5570789947987,21.571304684819577,502.528,32.6896
84.80000000000001,328.9492917013078,24.003052948301605,502.528,32.6896
85.0,371.35866495404565,36.2930492812243,502.528,32.6896
85.2,464.28680155028815,23.98168122147773,502.528,32.6896
85.4,537.6615864932787,27.482753903141283,502.528,32.6896
85.60000000000001,289.4254787698368,23.606384020454588,502.528,32.6896
85.80000000000001,431.4261974607935,25.454279727741003,502.528,32.6896
86.0,316.75648486739726,25.03610008261643,502.528,32.6896
86.2,437.97576707705616,27.689944395838957,502.528,32.6896
86.4,389.51306794498186,31.991845213283064,502.528,32.6896
86.60000000000001,253.52753393219757,34.88436398561998,502.528,32.6896
86.80000000000001,474.26375932547876,26.857720491455,502.528,32.6896
87.0,351.59994297530153,28.537281316213612,502.528,32.6896
87.2,357.2879809301156,18.0948129448866,502.528,32.6896
87.4,314.4198070968248,24.472739545506276,502.528,32.6896
87.60000000000001,347.65733786499555,30.641736789301532,502.528,32.6896
87.80000000000001,434.2312352555934,30.19581183050292,502.528,32.6896
88.0,384.86045272508755,26.2696583967703,502.528,32.6896
88.2,426.2929601825985,30.318363757407717,502.528,32.6896
88.4,428.9537483143075,27.944600253962914,502.528,32.6896
88.60000000000001,505.65293244225336,32.20183754955593,502.528,32.6896
88.80000000000001,372.57710793084965,26.736154941742665,502.528,32.6896
89.0,281.85137465234146,22.865810106573793,502.528,32.6896
89.2,485.37779332575866,27.015047541598143,502.528,32.6896
89.4,373.48094623221965,7.416433744883346,502.528,32.6896
89.60000000000001,489.1673955661902,27.297314418310297,502.528,32.6896
89.80000000000001,430.67016905459764,3.1095230487112993,502.528,32.6896
90.0,389.5089975837324,14.659219555567493,502.528,32.6896
90.2,427.9020715237036,27.710611605645905,502.528,32.6896
90.4,556.081004810104,27.86517602360077,502.528,32.6896
90.60000000000001,566.1584423243003,18.025427319160418,502.528,32.6896
90.80000000000001,405.5504908106223,20.72738774872637,502.528,32.6896
91.0,412.81524746536604,33.223245931684794,502.528,32.6896
91.2,486.09921259731084,22.095819210563942,502.528,32.6896
91.4,332.3471173786122,38.45752187441791,502.528,32.6896
91.60000000000001,426.6456298094604,24.988480880941925,502.528,32.6896
91.80000000000001,397.9309721636915,27.4482170612876,502.528,32.6896
92.0,425.1126569166043,34.70124639099164,502.528,32.6896
92.2,333.33049552404754,25.786162697160517,502.528,32.6896
92.4,272.83460053528245,18.985936115855193,502.528,32.6896
92.60000000000001,234.16132512069666,24.341635289834258,502.528,32.6896
92.80000000000001,310.6092709608314,24.786335582859454,502.528,32.6896
93.0,363.3059772048534,16.811550086790607,502.528,32.6896
93.2,376.54467306809903,23.46500757195506,502.528,32.6896
93.4,554.9784929943613,20.54684743601538,502.528,32.6896
93.60000000000001,488.4794695925839,30.546146543124603,502.528,32.6896
93.80000000000001,323.0327106926698,25.207671245111534,502.528,32.6896
94.0,427.81667619607657,23.30322550511458,502.528,32.6896
94.2,367.433741091974,24.362908416264542,502.528,32.6896
94.4,377.25089295679237,26.338732110436997,502.528,32.6896
94.60000000000001,414.82605195323055,28.70088519813868,502.528,32.6896
94.80000000000001,449.53368935803144,19.00172662798371,502.528,32.6896
95.0,372.8593212892788,18.75047420427237,502.528,32.6896
95.2,485.10812261874867,31.62807529241518,502.528,32.6896
95.4,308.6449419086077,22.525978766771615,502.528,32.6896
95.60000000000001,400.5071249889815,16.498947444418754,502.528,32.6896
95.80000000000001,607.8138981276666,27.662876256298627,502.528,32.6896
96.0,417.846379410022,27.78021883619612,502.528,32.6896
96.2,514.6571605284938,15.815708456459761,502.528,32.6896
96.4,407.32161425385664,26.37689029278164,502.528,32.6896
96.60000000000001,446.46216762638375,29.413498554570243,502.528,32.6896
96.80000000000001,395.45734444858465,27.246318710237578,502.528,32.6896
97.0,386.36739350686366,28.79188890256837,502.528,32.6896
97.2,337.64140826196643,16.574385411455506,502.528,32.6896
97.4,434.4241087166043,26.986240929977175,502.528,32.6896
97.60000000000001,331.87702486513854,23.18428144317732,502.528,32.6896
97.80000000000001,453.24681890507435,22.10325904765213,502.528,32.6896
98.0,486.82296035567276,30.22333365651836,502.528,32.6896
98.2,429.3225125789784,33.87564706404538,502.528,32.6896
98.4,377.10010131554463,35.766220327602156,502.528,32.6896
98.60000000000001,436.3172463446957,32.888847229035434,502.528,32.6896
98.80000000000001,375.30615555628697,24.341594910218898,502.528,32.6896
99.0,474.8437700372119,27.116320978158058,502.528,32.6896
99.2,253.48751326279012,29.600937230705462,502.528,32.6896
99.4,373.15141055050833,25.727067695796773,502.528,32.6896
99.60000000000001,240.73504039008017,25.784585127469267,502.528,32.6896
99.80000000000001,280.3951335818236,29.942518791257093,502.528,32.6896
